name,datetime,tempmax,tempmin,temp,feelslikemax,feelslikemin,feelslike,dew,humidity,precip,precipprob,precipcover,preciptype,snow,snowdepth,windgust,windspeed,winddir,sealevelpressure,cloudcover,visibility,solarradiation,solarenergy,uvindex,severerisk,sunrise,sunset,moonphase,conditions,description,icon,stations
cyberjaya,2015-10-01,32,25.4,27.6,38.9,25.4,30.1,24.3,83.1,3.299,100,4.17,rain,0,0,,10.3,318.9,1012.7,86.4,1.8,196.8,17,7,,2015-10-01T07:00:29,2015-10-01T19:05:55,0.58,"Rain, Partially cloudy",Partly cloudy throughout the day with late afternoon rain.,rain,"48647099999,48650099999,WMSA,WMKK"
cyberjaya,2015-10-02,29,24.4,26.5,33.4,24.4,28.2,23.7,84.8,0.353,100,8.33,rain,0,0,,10.5,343,1013.4,89.8,2.6,192.1,16.6,7,,2015-10-02T07:00:14,2015-10-02T19:05:31,0.63,"Rain, Partially cloudy",Partly cloudy throughout the day with rain.,rain,"48647099999,48650099999,WMSA,WMKK"
cyberjaya,2015-10-03,31.4,25,28.2,38.3,25,31.4,24.4,80.6,0,0,0,,0,0,,12.5,139.9,1012.2,97.9,1.2,205.3,17.7,8,,2015-10-03T07:00:00,2015-10-03T19:05:07,0.68,Overcast,Cloudy skies throughout the day.,cloudy,"48647099999,48650099999,WMSA,WMKK"
cyberjaya,2015-10-04,31.4,25.4,28.3,37.4,25.4,32,24.5,80.4,0,0,0,,0,0,,15.4,140.8,1012.4,94.2,2.7,161.6,14,7,,2015-10-04T06:59:45,2015-10-04T19:04:43,0.73,Overcast,Cloudy skies throughout the day.,cloudy,"48647099999,48650099999,WMSA,WMKK"
cyberjaya,2015-10-05,31.4,25.4,28,37.8,25.4,31.5,24.4,81.2,0.371,100,8.33,rain,0,0,,10,141.1,1012.4,84.1,2.4,104.2,8.9,4,,2015-10-05T06:59:32,2015-10-05T19:04:20,0.79,"Rain, Partially cloudy",Partly cloudy throughout the day with rain.,rain,"48647099999,48650099999,WMSA,WMKK"
cyberjaya,2015-10-06,32.4,25.4,27.8,38,25.4,30.7,23.9,79.8,0,0,0,,0,0,,16.6,116.5,1011.7,89.8,2.8,124.5,10.6,5,,2015-10-06T06:59:18,2015-10-06T19:03:57,0.84,Partially cloudy,Partly cloudy throughout the day.,partly-cloudy-day,"48647099999,48650099999,WMSA,WMKK"
cyberjaya,2015-10-07,31.4,24.4,26.9,37.5,24.4,28.5,23.9,84.1,5.67,100,4.17,rain,0,0,,13,316.6,1012.1,89.4,4.2,226.4,19.7,8,,2015-10-07T06:59:05,2015-10-07T19:03:35,0.88,"Rain, Partially cloudy",Partly cloudy throughout the day with late afternoon rain.,rain,"48647099999,48650099999,WMSA,WMKK"
cyberjaya,2015-10-08,32.4,24.4,27.2,39.7,24.4,29.9,24.1,83.6,19.702,100,4.17,rain,0,0,48.2,22.5,12.9,1011.6,89.8,5,265.8,22.9,10,,2015-10-08T06:58:52,2015-10-08T19:03:13,0.92,"Rain, Partially cloudy",Partly cloudy throughout the day with late afternoon rain.,rain,"48647099999,48650099999,WMSA,WMKK"
cyberjaya,2015-10-09,32.4,24.9,28.1,38.4,24.9,30.7,23.8,78.7,0.076,100,4.17,rain,0,0,,15.2,198.8,1011.3,89,6,234.9,20.3,8,,2015-10-09T06:58:40,2015-10-09T19:02:51,0.95,"Rain, Partially cloudy",Partly cloudy throughout the day with afternoon rain.,rain,"48647099999,48650099999,WMSA,WMKK"
cyberjaya,2015-10-10,32.4,24.6,28.2,40.8,24.6,31.8,24.4,80.6,0,0,0,,0,0,,14.3,188,1011.8,89,4.6,231.7,19.9,8,,2015-10-10T06:58:28,2015-10-10T19:02:30,0.98,Partially cloudy,Partly cloudy throughout the day.,partly-cloudy-day,"48647099999,48650099999,WMSA,WMKK"
cyberjaya,2015-10-11,33,25,28.2,40.6,25,31.3,24.1,79.2,0.229,100,4.17,rain,0,0,,14.1,166.2,1012.3,89.4,4.6,190.4,16.4,7,,2015-10-11T06:58:16,2015-10-11T19:02:10,1,"Rain, Partially cloudy",Partly cloudy throughout the day with late afternoon rain.,rain,"48647099999,48650099999,WMSA,WMKK"
cyberjaya,2015-10-12,31.9,24.9,27.2,38.5,24.9,29.3,23.8,82,1.526,100,4.17,rain,0,0,,13.2,81.9,1012.8,89.4,4.6,235.8,20.5,8,,2015-10-12T06:58:05,2015-10-12T19:01:50,1,"Rain, Partially cloudy",Partly cloudy throughout the day with late afternoon rain.,rain,"48647099999,48650099999,WMSA,WMKK"
cyberjaya,2015-10-13,33.4,24,28,39.8,24,30.7,23.8,79.2,9.155,100,4.17,rain,0,0,,12.5,182.5,1011.9,90.1,3.5,150,13,5,,2015-10-13T06:57:54,2015-10-13T19:01:30,0,"Rain, Overcast",Cloudy skies throughout the day with late afternoon rain.,rain,"48647099999,48650099999,WMSA,WMKK"
cyberjaya,2015-10-14,33,25.2,28,39.8,25.2,31.4,24.2,80.5,2.288,100,8.33,rain,0,0,,12.7,136.5,1011.5,89.9,3.8,216.1,18.7,8,,2015-10-14T06:57:44,2015-10-14T19:01:11,0.01,"Rain, Partially cloudy",Partly cloudy throughout the day with rain.,rain,"48647099999,48650099999,WMSA,WMKK"
cyberjaya,2015-10-15,33.3,24,28.3,40.3,24,31.1,23.8,77.6,0.381,100,4.17,rain,0,0,,14.8,260.1,1010.8,89,6,253.1,21.8,9,,2015-10-15T06:57:35,2015-10-15T19:00:52,0.03,"Rain, Partially cloudy",Partly cloudy throughout the day with late afternoon rain.,rain,"48647099999,48650099999,WMSA,WMKK"
cyberjaya,2015-10-16,33,25,28.2,40.5,25,31.6,24.1,79,30.898,100,4.17,rain,0,0,,14.1,232.1,1010.5,89.9,5.4,232.8,20.2,9,,2015-10-16T06:57:26,2015-10-16T19:00:35,0.06,"Rain, Partially cloudy",Partly cloudy throughout the day with late afternoon rain.,rain,"48647099999,48650099999,WMSA,WMKK"
cyberjaya,2015-10-17,31.6,25.6,28.1,37.1,25.6,31.5,24.4,81,0.381,100,4.17,rain,0,0,,12.3,251.8,1011.1,90.1,3.7,225.1,19.5,8,,2015-10-17T06:57:17,2015-10-17T19:00:17,0.09,"Rain, Overcast",Cloudy skies throughout the day with late afternoon rain.,rain,"48647099999,48650099999,WMSA,WMKK"
cyberjaya,2015-10-18,32.5,26,28.9,40.8,26,33.2,25.1,80.3,0,0,0,,0,0,,13,226.5,1011.2,92.4,1.6,201.9,17.3,7,,2015-10-18T06:57:09,2015-10-18T19:00:00,0.13,Overcast,Cloudy skies throughout the day.,cloudy,"48647099999,48650099999,WMSA,WMKK"
cyberjaya,2015-10-19,31.4,26.6,28.8,38.9,26.6,33.5,24.9,80,0,0,0,,0,0,,13.4,153.3,1011,96.5,1.7,172.5,14.9,7,,2015-10-19T06:57:02,2015-10-19T18:59:44,0.18,Overcast,Cloudy skies throughout the day.,cloudy,"48647099999,48650099999,WMSA,WMKK"
cyberjaya,2015-10-20,30,25,27.7,37.2,25,31.3,24.7,83.6,0,0,0,,0,0,,10,127.5,1010.1,96.5,1.2,225,19.4,8,,2015-10-20T06:56:55,2015-10-20T18:59:29,0.23,Overcast,Cloudy skies throughout the day.,cloudy,"48647099999,48650099999,WMSA,WMKK"
cyberjaya,2015-10-21,32.4,25,28.4,38,25,31.4,24,78.2,0,0,0,,0,0,,13.6,132.6,1009.7,92.6,1.9,222.5,19.2,8,,2015-10-21T06:56:49,2015-10-21T18:59:14,0.28,Overcast,Cloudy skies throughout the day.,cloudy,"48647099999,48650099999,WMSA,WMKK"
cyberjaya,2015-10-22,32.9,25,28.5,38.4,25,31.5,23.5,75.3,0,0,0,,0,0,,11.6,140.9,1010,90,4,237.5,20.5,9,,2015-10-22T06:56:43,2015-10-22T18:59:00,0.34,Partially cloudy,Partly cloudy throughout the day.,partly-cloudy-day,"48647099999,48650099999,WMSA,WMKK"
cyberjaya,2015-10-23,33.4,26,29.2,40.3,26,33.3,24.1,75,2.67,100,4.17,rain,0,0,,14.5,150.3,1009.2,90.5,3.5,238.8,20.6,9,,2015-10-23T06:56:39,2015-10-23T18:58:47,0.39,"Rain, Overcast",Cloudy skies throughout the day with late afternoon rain.,rain,"48647099999,48650099999,WMSA,WMKK"
cyberjaya,2015-10-24,33,26,28.6,39.5,26,32.4,24.3,78.4,0.381,100,4.17,rain,0,0,,13.9,117.7,1009.7,92.1,1.5,188.4,16.3,7,,2015-10-24T06:56:34,2015-10-24T18:58:34,0.44,"Rain, Overcast",Cloudy skies throughout the day with late afternoon rain.,rain,"48647099999,48650099999,WMSA,WMKK"
cyberjaya,2015-10-25,34,25,28.4,40.6,25,31.6,24,77.9,0.229,100,4.17,rain,0,0,,21,152.8,1010.1,89.7,3.1,201.2,17.4,7,,2015-10-25T06:56:31,2015-10-25T18:58:22,0.47,"Rain, Partially cloudy",Partly cloudy throughout the day with late afternoon rain.,rain,"48647099999,48650099999,WMSA,WMKK"
cyberjaya,2015-10-26,33,24.6,26.6,39.3,24.6,28.1,24,86.6,47.888,100,8.33,rain,0,0,33.5,16.1,86.5,1010.3,88.6,4.8,176.6,15.2,7,,2015-10-26T06:56:28,2015-10-26T18:58:11,0.49,"Rain, Partially cloudy",Partly cloudy throughout the day with rain.,rain,"48647099999,48650099999,WMSA,WMKK"
cyberjaya,2015-10-27,32.4,24.6,27.4,39.2,24.6,29.5,24,82.5,10.661,100,12.5,rain,0,0,,14.1,248.3,1010.2,89.8,4.2,208,17.9,8,,2015-10-27T06:56:26,2015-10-27T18:58:01,0.5,"Rain, Partially cloudy",Partly cloudy throughout the day with rain.,rain,"48647099999,48650099999,WMSA,WMKK"
cyberjaya,2015-10-28,29.1,24.4,26.3,32.9,24.4,27.8,23.5,84.7,11.567,100,12.5,rain,0,0,,20,107.6,1011.2,87.6,6.4,237.5,20.5,9,,2015-10-28T06:56:24,2015-10-28T18:57:51,0.51,"Rain, Partially cloudy",Partly cloudy throughout the day with rain.,rain,"48647099999,48650099999,WMSA,WMKK"
cyberjaya,2015-10-29,33.2,25,27.7,40.3,25,30.1,23.8,80.5,16.371,100,4.17,rain,0,0,,16.7,337.8,1011.5,89.4,8.7,252.1,21.8,9,,2015-10-29T06:56:24,2015-10-29T18:57:42,0.53,"Rain, Partially cloudy",Partly cloudy throughout the day with late afternoon rain.,rain,"48647099999,48650099999,WMSA,WMKK"
cyberjaya,2015-10-30,31.9,24.4,26.8,39,24.4,29,24.1,85.7,0.571,100,8.33,rain,0,0,,13.1,331.3,1011.3,89,7.8,154.3,13.3,5,,2015-10-30T06:56:24,2015-10-30T18:57:34,0.56,"Rain, Partially cloudy",Partly cloudy throughout the day with rain.,rain,"48647099999,48650099999,WMSA,WMKK"
cyberjaya,2015-10-31,32.6,23.6,27.2,40.6,23.6,29.6,23.9,82.9,25.634,100,8.33,rain,0,0,,15.6,355.6,1011.1,89.2,8.5,232.7,20.1,8,,2015-10-31T06:56:24,2015-10-31T18:57:27,0.61,"Rain, Partially cloudy",Partly cloudy throughout the day with rain.,rain,"48647099999,48650099999,WMSA,WMKK"
cyberjaya,2015-11-01,32.4,24,26.5,40.1,24,28.5,23.8,86,20.218,100,8.33,rain,0,0,,17,343.4,1011.1,89.5,8.5,225.6,19.5,8,,2015-11-01T06:56:26,2015-11-01T18:57:21,0.65,"Rain, Partially cloudy",Partly cloudy throughout the day with rain.,rain,"48647099999,48650099999,WMSA,WMKK"
cyberjaya,2015-11-02,32.9,24,27.1,39.2,24,29.4,23.7,82.5,18.057,100,8.33,rain,0,0,,17.2,330.4,1010.5,89,8.8,203.4,17.6,7,,2015-11-02T06:56:28,2015-11-02T18:57:15,0.7,"Rain, Partially cloudy",Partly cloudy throughout the day with rain.,rain,"48647099999,48650099999,WMSA,WMKK"
cyberjaya,2015-11-03,32.4,24.9,27.3,40.6,24.9,29.9,24.3,84.2,3.093,100,4.17,rain,0,0,,16.8,323.8,1010.2,89.2,9.7,257.8,22.3,10,,2015-11-03T06:56:31,2015-11-03T18:57:11,0.75,"Rain, Partially cloudy",Partly cloudy throughout the day with early morning rain.,rain,"48647099999,48650099999,WMSA,WMKK"
cyberjaya,2015-11-04,32,25,27.9,39.7,25,31.3,24.7,83.4,0,0,0,,0,0,,17,357.6,1009.8,89,9.5,217.2,18.7,8,,2015-11-04T06:56:35,2015-11-04T18:57:07,0.8,Partially cloudy,Partly cloudy throughout the day.,partly-cloudy-day,"48647099999,48650099999,WMSA,WMKK"
cyberjaya,2015-11-05,31.4,25,27.4,38.8,25,30.5,24.6,84.9,3.938,100,4.17,rain,0,0,,10.5,324,1009.6,89.2,9,149,13,6,,2015-11-05T06:56:40,2015-11-05T18:57:04,0.85,"Rain, Partially cloudy",Partly cloudy throughout the day with late afternoon rain.,rain,"48647099999,48650099999,WMSA,WMKK"
cyberjaya,2015-11-06,31.4,25,27.7,38.1,25,31,24.5,83.3,0.076,100,4.17,rain,0,0,,19.2,295.7,1009.9,89,9.6,192.9,16.6,7,,2015-11-06T06:56:45,2015-11-06T18:57:02,0.89,"Rain, Partially cloudy",Partly cloudy throughout the day with early morning rain.,rain,"48647099999,48650099999,WMSA,WMKK"
cyberjaya,2015-11-07,33.2,25,27.7,41.1,25,30,24.2,82.6,15.289,100,4.17,rain,0,0,,14.3,347.1,1010.4,89.4,9.1,164.7,14.4,6,,2015-11-07T06:56:52,2015-11-07T18:57:01,0.93,"Rain, Partially cloudy",Partly cloudy throughout the day with late afternoon rain.,rain,"48647099999,48650099999,WMSA,WMKK"
cyberjaya,2015-11-08,30.5,24,26.7,37.2,24,28.8,24.3,87.3,4.364,100,12.5,rain,0,0,,11.6,4.7,1012.2,89,9.1,145,12.7,5,,2015-11-08T06:56:59,2015-11-08T18:57:01,0.96,"Rain, Partially cloudy",Partly cloudy throughout the day with rain.,rain,"48647099999,48650099999,WMSA,WMKK"
cyberjaya,2015-11-09,32.2,24,26.7,40.3,24,28.4,24.2,87.1,27.289,100,8.33,rain,0,0,,11.2,339.7,1010.3,89.2,8.9,264.3,22.9,9,,2015-11-09T06:57:06,2015-11-09T18:57:02,0.98,"Rain, Partially cloudy",Partly cloudy throughout the day with rain.,rain,"48647099999,48650099999,WMSA,WMKK"
cyberjaya,2015-11-10,31.8,24.8,26.8,39.9,24.8,28.9,24.6,88,16.248,100,8.33,rain,0,0,,11.2,14.4,1009.2,89.1,8,204.1,17.6,7,,2015-11-10T06:57:15,2015-11-10T18:57:03,1,"Rain, Partially cloudy",Partly cloudy throughout the day with rain.,rain,"48647099999,48650099999,WMSA,WMKK"
cyberjaya,2015-11-11,32,24,26.9,38.9,24,29.6,24.2,86,4.907,100,12.5,rain,0,0,,12.3,349.1,1009.7,90.9,8.6,102.9,8.8,4,,2015-11-11T06:57:25,2015-11-11T18:57:06,1,"Rain, Overcast",Cloudy skies throughout the day with rain.,rain,"48647099999,48650099999,WMSA,WMKK"
cyberjaya,2015-11-12,33.5,24.6,28,43,24.6,31.6,24.6,82.7,3.289,100,4.17,rain,0,0,,12.3,154,1010.5,89,9.5,193.2,16.7,7,,2015-11-12T06:57:35,2015-11-12T18:57:09,0,"Rain, Partially cloudy",Partly cloudy throughout the day with early morning rain.,rain,"48647099999,48650099999,WMSA,WMKK"
cyberjaya,2015-11-13,31.4,25,27,40.3,25,29.1,24.8,88.5,2.01,100,8.33,rain,0,0,,11.2,144.5,1010.6,90.4,8.8,117.3,10,4,,2015-11-13T06:57:46,2015-11-13T18:57:14,0.02,"Rain, Overcast",Cloudy skies throughout the day with rain.,rain,"48647099999,48650099999,WMSA,WMKK"
cyberjaya,2015-11-14,33.4,24,28,42.8,24,31.8,24.8,83.7,0.352,100,8.33,rain,0,0,,10.9,136.2,1009.2,88,9.1,180.4,15.5,7,,2015-11-14T06:57:58,2015-11-14T18:57:19,0.04,"Rain, Partially cloudy",Partly cloudy throughout the day with rain.,rain,"48647099999,48650099999,WMSA,WMKK"
cyberjaya,2015-11-15,32.4,24.8,26.7,41.2,24.8,28.7,24.6,88.7,16.45,100,8.33,rain,0,0,,18.4,316.1,1009.7,89.4,8.9,163.9,14.1,6,,2015-11-15T06:58:10,2015-11-15T18:57:25,0.07,"Rain, Partially cloudy",Partly cloudy throughout the day with rain.,rain,"48647099999,48650099999,WMSA,WMKK"
cyberjaya,2015-11-16,29.8,24,25.4,36.3,24,26.5,24.2,93.6,69.495,100,12.5,rain,0,0,,16.3,336.2,1010.4,90.6,7.7,228.5,19.8,9,,2015-11-16T06:58:24,2015-11-16T18:57:33,0.11,"Rain, Overcast",Cloudy skies throughout the day with rain.,rain,"48647099999,48650099999,WMSA,WMKK"
cyberjaya,2015-11-17,31.3,23.9,26.1,37.9,23.9,27.6,24,88.9,2.619,100,4.17,rain,0,0,,11.6,109.8,1010.5,89.7,9.4,211.8,18.3,8,,2015-11-17T06:58:38,2015-11-17T18:57:41,0.16,"Rain, Partially cloudy",Partly cloudy throughout the day with early morning rain.,rain,"48647099999,48650099999,WMSA,WMKK"
cyberjaya,2015-11-18,33.5,24.3,28.2,40.7,24.3,31.7,24.1,79.7,0,0,0,,0,0,,13.2,151.2,1009.4,89,9.4,217,18.8,7,,2015-11-18T06:58:53,2015-11-18T18:57:50,0.21,Partially cloudy,Partly cloudy throughout the day.,partly-cloudy-day,"48647099999,48650099999,WMSA,WMKK"
cyberjaya,2015-11-19,33,26,28.5,40.4,26,32.5,24.8,80.9,0,0,0,,0,0,63,13.6,220.6,1010.1,89.2,9.4,194,16.8,7,,2015-11-19T06:59:09,2015-11-19T18:57:59,0.26,Partially cloudy,Partly cloudy throughout the day.,partly-cloudy-day,"48647099999,48650099999,WMSA,WMKK"
cyberjaya,2015-11-20,30.4,24,26,37.3,24,27.8,24.1,89.7,33.651,100,12.5,rain,0,0,,17.2,327.7,1009.4,90.4,8.4,189.4,16.4,6,,2015-11-20T06:59:25,2015-11-20T18:58:10,0.32,"Rain, Overcast",Cloudy skies throughout the day with rain.,rain,"48647099999,48650099999,WMSA,WMKK"
cyberjaya,2015-11-21,31.4,23.8,26.3,38.3,23.8,28.6,24,87.8,5.159,100,12.5,rain,0,0,,9.8,294.2,1008.8,89.6,8.7,244.3,21.2,9,,2015-11-21T06:59:43,2015-11-21T18:58:22,0.37,"Rain, Partially cloudy",Partly cloudy throughout the day with rain.,rain,"48647099999,48650099999,WMSA,WMKK"
cyberjaya,2015-11-22,31,23.4,26.6,38.8,23.4,29.3,24.3,87.8,9.024,100,12.5,rain,0,0,,11.8,311.1,1008.7,89,9.2,137.9,11.9,5,,2015-11-22T07:00:01,2015-11-22T18:58:34,0.42,"Rain, Partially cloudy",Partly cloudy throughout the day with rain.,rain,"48647099999,48650099999,WMSA,WMKK"
cyberjaya,2015-11-23,31.4,25,27.9,39.7,25,31.6,25.1,85.2,1.526,100,4.17,rain,0,0,,11.8,283.5,1008.8,89.2,9,225.4,19.7,8,,2015-11-23T07:00:19,2015-11-23T18:58:48,0.46,"Rain, Partially cloudy",Partly cloudy throughout the day with late afternoon rain.,rain,"48647099999,48650099999,WMSA,WMKK"
cyberjaya,2015-11-24,32.4,25,27.7,39.8,25,30.8,24.8,84.9,3.814,100,8.33,rain,0,0,,9.8,223.1,1009,89.5,8.5,139.7,12.1,5,,2015-11-24T07:00:39,2015-11-24T18:59:02,0.49,"Rain, Partially cloudy",Partly cloudy throughout the day with rain.,rain,"48647099999,48650099999,WMSA,WMKK"
cyberjaya,2015-11-25,30.8,24,26.3,36.9,24,27.7,24.3,89.1,51.968,100,16.67,rain,0,0,,15.6,306.6,1009.5,90,7.6,170.7,14.7,7,,2015-11-25T07:00:59,2015-11-25T18:59:17,0.5,"Rain, Partially cloudy",Partly cloudy throughout the day with a chance of rain throughout the day.,rain,"48647099999,48650099999,WMSA,WMKK"
cyberjaya,2015-11-26,32.8,23.4,26.1,40.1,23.4,27.7,24.1,89.5,9.815,100,8.33,rain,0,0,42.5,20,348.6,1009.5,89.9,7.9,212.8,18.6,8,,2015-11-26T07:01:20,2015-11-26T18:59:33,0.5,"Rain, Partially cloudy",Partly cloudy throughout the day with rain.,rain,"48647099999,48650099999,WMSA,WMKK"
cyberjaya,2015-11-27,30.5,23.6,26.8,36.1,23.6,29.2,23.7,84,0.276,100,4.17,rain,0,0,,10.5,353.6,1009.2,89,9.2,202.2,17.4,7,,2015-11-27T07:01:41,2015-11-27T18:59:50,0.52,"Rain, Partially cloudy",Partly cloudy throughout the day with early morning rain.,rain,"48647099999,48650099999,WMSA,WMKK"
cyberjaya,2015-11-28,31.2,25,27.5,37.1,25,30.6,24.3,83.3,8.474,100,4.17,rain,0,0,,14.8,56.5,1010.4,89,8.8,105.4,9.2,4,,2015-11-28T07:02:04,2015-11-28T19:00:07,0.54,"Rain, Partially cloudy",Partly cloudy throughout the day with late afternoon rain.,rain,"48647099999,48650099999,WMSA,WMKK"
cyberjaya,2015-11-29,32.4,24.4,27.3,38.7,24.4,29.6,24.3,84.6,48.466,100,8.33,rain,0,0,,17.7,229.7,1011.7,89.4,8.7,192.1,16.6,7,,2015-11-29T07:02:26,2015-11-29T19:00:26,0.58,"Rain, Partially cloudy",Partly cloudy throughout the day with rain.,rain,"48647099999,48650099999,WMSA,WMKK"
cyberjaya,2015-11-30,30.6,24.3,26.4,36.2,24.3,27.8,24.2,88.4,0.763,100,4.17,rain,0,0,,15.8,324.7,1011.7,89.6,8.9,213.3,18.5,8,,2015-11-30T07:02:50,2015-11-30T19:00:45,0.62,"Rain, Partially cloudy",Partly cloudy throughout the day with late afternoon rain.,rain,"48647099999,48650099999,WMSA,WMKK"
cyberjaya,2015-12-01,32,24,26.7,38.2,24,28.4,24,85.9,3.891,100,8.33,rain,0,0,,10.3,329.3,1010.7,88.9,9.3,172.7,15,7,,2015-12-01T07:03:14,2015-12-01T19:01:05,0.67,"Rain, Partially cloudy",Partly cloudy throughout the day with rain.,rain,"48647099999,48650099999,WMSA,WMKK"
cyberjaya,2015-12-02,30.4,24.1,26.6,36.4,24.1,28.5,24.2,86.9,0.876,100,4.17,rain,0,0,,12,224.6,1011.4,89.2,9.1,269.2,23.3,9,,2015-12-02T07:03:38,2015-12-02T19:01:25,0.71,"Rain, Partially cloudy",Partly cloudy throughout the day with afternoon rain.,rain,"48647099999,48650099999,WMSA,WMKK"
cyberjaya,2015-12-03,33,24,27.6,40.1,24,30.1,23.9,81.4,10.681,100,4.17,rain,0,0,40.7,14.7,331,1010.7,89.2,9.3,259.1,22.5,9,,2015-12-03T07:04:03,2015-12-03T19:01:47,0.76,"Rain, Partially cloudy",Partly cloudy throughout the day with late afternoon rain.,rain,"48647099999,48650099999,WMSA,WMKK"
cyberjaya,2015-12-04,32.4,24.6,27.9,39.2,24.6,30.9,24.1,80.8,0.1,100,4.17,rain,0,0,,9.8,141.3,1010.5,88.9,9,253.1,21.9,9,,2015-12-04T07:04:29,2015-12-04T19:02:09,0.81,"Rain, Partially cloudy",Partly cloudy throughout the day with late afternoon rain.,rain,"48647099999,48650099999,WMSA,WMKK"
cyberjaya,2015-12-05,33,24.3,27.3,40.6,24.3,29.3,24.3,84.8,28.01,100,12.5,rain,0,0,,13.6,327.5,1010.3,89.5,8.2,197.8,17.2,7,,2015-12-05T07:04:55,2015-12-05T19:02:31,0.85,"Rain, Partially cloudy",Partly cloudy throughout the day with rain.,rain,"48647099999,48650099999,WMSA,WMKK"
cyberjaya,2015-12-06,32.3,25,27.2,39.1,25,29.2,24.2,84.5,8.416,100,8.33,rain,0,0,25.9,14.8,344.2,1010.6,89.2,8.9,187.4,16.4,7,,2015-12-06T07:05:21,2015-12-06T19:02:55,0.9,"Rain, Partially cloudy",Partly cloudy throughout the day with rain.,rain,"48647099999,48650099999,WMSA,WMKK"
cyberjaya,2015-12-07,33,24.8,28.4,37.5,24.8,31.2,23.5,76.6,0.247,100,4.17,rain,0,0,,19.9,45.5,1010.8,89,9.9,206.6,17.9,7,,2015-12-07T07:05:48,2015-12-07T19:03:19,0.93,"Rain, Partially cloudy",Partly cloudy throughout the day with early morning rain.,rain,"48647099999,48650099999,WMSA,WMKK"
cyberjaya,2015-12-08,31.5,25,27.5,37.7,25,30.1,24.1,82.2,1.144,100,4.17,rain,0,0,,9.8,336.9,1010.9,89,9.6,262.1,22.5,9,,2015-12-08T07:06:16,2015-12-08T19:03:43,0.96,"Rain, Partially cloudy",Partly cloudy throughout the day with late afternoon rain.,rain,"48647099999,48650099999,WMSA,WMKK"
cyberjaya,2015-12-09,32.9,25,26.8,39.9,25,28.3,24.3,87.2,15.516,100,12.5,rain,0,0,38.9,16.1,330.5,1012,89.4,8.7,202.3,17.6,8,,2015-12-09T07:06:44,2015-12-09T19:04:08,0.99,"Rain, Partially cloudy",Partly cloudy throughout the day with rain.,rain,"48647099999,48650099999,WMSA,WMKK"
cyberjaya,2015-12-10,33,24.6,27,41.4,24.6,28.9,24.7,88,0.3,100,4.17,rain,0,0,,9,16.4,1010.8,89.1,8.7,235.8,20.5,9,,2015-12-10T07:07:12,2015-12-10T19:04:34,1,"Rain, Partially cloudy",Partly cloudy throughout the day with early morning rain.,rain,"48647099999,48650099999,WMSA,WMKK"
cyberjaya,2015-12-11,28.6,24.4,25.7,33.9,24.4,26.5,24.3,92.1,40.321,100,12.5,rain,0,0,,11.8,262.1,1010.8,90.1,8.2,217.9,18.8,9,,2015-12-11T07:07:40,2015-12-11T19:05:00,0,"Rain, Overcast",Cloudy skies throughout the day with rain.,rain,"48647099999,48650099999,WMSA,WMKK"
cyberjaya,2015-12-12,32,23.9,26.3,39.5,23.9,28.1,24.1,88.3,39.102,100,12.5,rain,0,0,,13,10.4,1010,89.4,8.4,115.6,10,5,,2015-12-12T07:08:09,2015-12-12T19:05:26,0.01,"Rain, Partially cloudy",Partly cloudy throughout the day with rain.,rain,"48647099999,48650099999,WMSA,WMKK"
cyberjaya,2015-12-13,29.4,23.4,25.1,34.8,23.4,26.1,23.9,93.1,89.602,100,12.5,rain,0,0,,11.2,260.3,1011.1,90.3,7.5,96,8.2,3,,2015-12-13T07:08:38,2015-12-13T19:05:53,0.02,"Rain, Overcast",Cloudy skies throughout the day with rain.,rain,"48647099999,48650099999,WMSA,WMKK"
cyberjaya,2015-12-14,32,23,26.5,39.5,23,28.9,24,87.1,5.87,100,12.5,rain,0,0,,12.7,307.1,1009.7,89.4,8.3,137.4,11.8,5,,2015-12-14T07:09:07,2015-12-14T19:06:21,0.05,"Rain, Partially cloudy",Partly cloudy throughout the day with rain.,rain,"48647099999,48650099999,WMSA,WMKK"
cyberjaya,2015-12-15,31.4,23.9,26.7,37.8,23.9,28.8,23.7,84.4,4.819,100,12.5,rain,0,0,,10,290.5,1010.7,89.2,9.1,184.1,15.8,6,,2015-12-15T07:09:36,2015-12-15T19:06:49,0.09,"Rain, Partially cloudy",Partly cloudy throughout the day with rain.,rain,"48647099999,48650099999,WMSA,WMKK"
cyberjaya,2015-12-16,30.5,24.4,26.2,36.4,24.4,27.7,23.5,85.4,0.495,100,8.33,rain,0,0,,19.6,68.5,1011.6,89.1,8.6,106.2,9.2,3,,2015-12-16T07:10:06,2015-12-16T19:07:17,0.13,"Rain, Partially cloudy",Partly cloudy throughout the day with rain.,rain,"48647099999,48650099999,WMSA,WMKK"
cyberjaya,2015-12-17,30.4,24,26.7,35.3,24,28.3,23.1,81.2,2.67,100,4.17,rain,0,0,,14.2,55.4,1011.4,90.8,9.3,108,9.3,4,,2015-12-17T07:10:35,2015-12-17T19:07:46,0.19,"Rain, Overcast",Cloudy skies throughout the day with late afternoon rain.,rain,"48647099999,48650099999,WMSA,WMKK"
cyberjaya,2015-12-18,31.8,24.1,27.3,36.1,24.1,29.4,23.1,78.7,0.076,100,4.17,rain,0,0,,11.2,325.6,1012.2,89,9.6,207.8,17.9,7,,2015-12-18T07:11:05,2015-12-18T19:08:14,0.24,"Rain, Partially cloudy",Partly cloudy throughout the day with afternoon rain.,rain,"48647099999,48650099999,WMSA,WMKK"
cyberjaya,2015-12-19,32.2,24.9,27.5,38.4,24.9,29.2,23.1,77.9,22.125,100,4.17,rain,0,0,,11.2,347.9,1012.7,89.2,9.5,167.5,14.4,6,,2015-12-19T07:11:35,2015-12-19T19:08:44,0.3,"Rain, Partially cloudy",Partly cloudy throughout the day with late afternoon rain.,rain,"48647099999,48650099999,WMSA,WMKK"
cyberjaya,2015-12-20,31.4,24,26.8,37.8,24,28.8,23.6,83.7,0.99,100,8.33,rain,0,0,,14.1,313.3,1012.4,89,9.2,165.2,14.5,6,,2015-12-20T07:12:05,2015-12-20T19:09:13,0.35,"Rain, Partially cloudy",Partly cloudy throughout the day with rain.,rain,"48647099999,48650099999,WMSA,WMKK"
cyberjaya,2015-12-21,32,24,27.6,37.5,24,30.4,23.5,79.2,0,0,0,,0,0,,16.1,312.8,1011.2,89,9.7,135.8,11.8,4,,2015-12-21T07:12:35,2015-12-21T19:09:42,0.4,Partially cloudy,Partly cloudy throughout the day.,partly-cloudy-day,"48647099999,48650099999,WMSA,WMKK"
cyberjaya,2015-12-22,32.3,24.6,28.2,38.2,24.6,31.5,24.1,79.3,0,0,0,,0,0,55.4,17,309.6,1011.6,89,9.5,172.5,14.9,7,,2015-12-22T07:13:04,2015-12-22T19:10:12,0.45,Partially cloudy,Partly cloudy throughout the day.,partly-cloudy-day,"48647099999,48650099999,WMSA,WMKK"
cyberjaya,2015-12-23,33,26,29,40.6,26,33,24.6,78.2,0.1,100,4.17,rain,0,0,,16.6,307,1011.5,89,9.6,120,10.2,4,,2015-12-23T07:13:34,2015-12-23T19:10:42,0.48,"Rain, Partially cloudy",Partly cloudy throughout the day with early morning rain.,rain,"48647099999,48650099999,WMSA,WMKK"
cyberjaya,2015-12-24,31.9,26,27.9,38.6,26,31.4,24.7,82.8,0.619,100,4.17,rain,0,0,,12.5,32.7,1011.5,89,9,128.9,11.4,4,,2015-12-24T07:14:04,2015-12-24T19:11:12,0.49,"Rain, Partially cloudy",Partly cloudy throughout the day with late afternoon rain.,rain,"48647099999,48650099999,WMSA,WMKK"
cyberjaya,2015-12-25,33.2,24.4,27.2,40.4,24.4,29.1,24.2,84.6,2.505,100,8.33,rain,0,0,,12.3,8.5,1011.4,88.9,8.3,122,10.6,5,,2015-12-25T07:14:33,2015-12-25T19:11:42,0.5,"Rain, Partially cloudy",Partly cloudy throughout the day with rain.,rain,"48647099999,48650099999,WMSA,WMKK"
cyberjaya,2015-12-26,33.6,25,28.9,38.1,25,31.3,22.9,71.7,1.144,100,4.17,rain,0,0,,17.4,75.6,1011,88.9,9.4,244.8,21.2,8,,2015-12-26T07:15:03,2015-12-26T19:12:12,0.51,"Rain, Partially cloudy",Partly cloudy throughout the day with early morning rain.,rain,"48647099999,48650099999,WMSA,WMKK"
cyberjaya,2015-12-27,33.6,23,28.1,39.1,23,30.6,22.9,74.7,0,0,0,,0,0,35.3,15.4,33,1012.6,88.8,10,250.2,21.4,9,,2015-12-27T07:15:32,2015-12-27T19:12:42,0.53,Partially cloudy,Partly cloudy throughout the day.,partly-cloudy-day,"48647099999,48650099999,WMSA,WMKK"
cyberjaya,2015-12-28,28.7,25,26.5,33,25,27.6,23.7,84.9,1.076,100,12.5,rain,0,0,,11.2,54.8,1014.3,89.4,9.3,224.9,19.4,9,,2015-12-28T07:16:01,2015-12-28T19:13:12,0.55,"Rain, Partially cloudy",Partly cloudy throughout the day with rain.,rain,"48647099999,48650099999,WMSA,WMKK"
cyberjaya,2015-12-29,32.8,25.4,28.6,37.1,25.4,30.7,22.8,72.3,0,0,0,,0,0,31.7,17,58.6,1013.2,89,9.8,268.2,23.1,9,,2015-12-29T07:16:29,2015-12-29T19:13:42,0.59,Partially cloudy,Partly cloudy throughout the day.,partly-cloudy-day,"48647099999,48650099999,WMSA,WMKK"
cyberjaya,2015-12-30,33.6,24,28.2,37.2,24,30.4,22,70.5,0,0,0,,0,0,,14.2,20.5,1012.3,88.5,10.1,278.6,24.1,9,,2015-12-30T07:16:58,2015-12-30T19:14:12,0.63,Partially cloudy,Partly cloudy throughout the day.,partly-cloudy-day,"48647099999,48650099999,WMSA,WMKK"
cyberjaya,2015-12-31,32.4,24,27.2,36.1,24,28.3,22.4,76.5,3.763,100,4.17,rain,0,0,,10,48.4,1012.5,89,9.5,255.7,22,9,,2015-12-31T07:17:26,2015-12-31T19:14:42,0.67,"Rain, Partially cloudy",Partly cloudy throughout the day with late afternoon rain.,rain,"48647099999,48650099999,WMSA,WMKK"
cyberjaya,2016-01-01,29.9,24.9,26.8,34.9,24.9,28.6,23.7,83.6,2.75,100,8.33,rain,0,0,,9.4,355.3,1013.7,89.4,9.4,208.9,18,7,,2016-01-01T07:17:53,2016-01-01T19:15:11,0.72,"Rain, Partially cloudy",Partly cloudy throughout the day with rain in the morning and afternoon.,rain,"48647099999,48650099999,WMSA,WMKK"
cyberjaya,2016-01-02,31.9,24,27.6,36.2,24,30,23.2,78.2,0.247,100,4.17,rain,0,0,35.3,11,343.9,1013.7,88.9,10,218.7,18.8,8,,2016-01-02T07:18:21,2016-01-02T19:15:41,0.77,"Rain, Partially cloudy",Partly cloudy throughout the day with late afternoon rain.,rain,"48647099999,48650099999,WMSA,WMKK"
cyberjaya,2016-01-03,32,25,27.8,38.2,25,30.8,24.3,82,1.526,100,4.17,rain,0,0,,12.5,284.7,1013.3,89.2,9.4,208.9,18.2,8,,2016-01-03T07:18:47,2016-01-03T19:16:10,0.81,"Rain, Partially cloudy",Partly cloudy throughout the day with late afternoon rain.,rain,"48647099999,48650099999,WMSA,WMKK"
cyberjaya,2016-01-04,33,25,28.2,39.8,25,31.3,24.3,80.5,5.722,100,4.17,rain,0,0,,15.9,235,1012.9,89.4,9.3,241.1,20.7,8,,2016-01-04T07:19:14,2016-01-04T19:16:39,0.86,"Rain, Partially cloudy",Partly cloudy throughout the day with late afternoon rain.,rain,"48647099999,48650099999,WMSA,WMKK"
cyberjaya,2016-01-05,33,25,28.7,42.1,25,32.1,24.5,79.2,2.289,100,4.17,rain,0,0,,14.8,33.7,1012.3,89.3,9.3,274.7,23.7,9,,2016-01-05T07:19:40,2016-01-05T19:17:07,0.9,"Rain, Partially cloudy",Partly cloudy throughout the day with late afternoon rain.,rain,"48647099999,48650099999,WMSA,WMKK"
cyberjaya,2016-01-06,33.6,25.9,28.9,42.1,25.9,33.1,25.1,80.6,1.983,100,8.33,rain,0,0,,15,200.9,1012.1,88.5,8.8,258.2,22.3,9,,2016-01-06T07:20:05,2016-01-06T19:17:35,0.94,"Rain, Partially cloudy",Partly cloudy throughout the day with rain.,rain,"48647099999,48650099999,WMSA,WMKK"
cyberjaya,2016-01-07,34,25.6,29.1,38.3,25.6,31.9,23.3,72.8,0,0,0,,0,0,,15.2,68.5,1012.5,88.6,9.5,285.1,24.5,10,,2016-01-07T07:20:30,2016-01-07T19:18:03,0.97,Partially cloudy,Partly cloudy throughout the day.,partly-cloudy-day,"48647099999,48650099999,WMSA,WMKK"
cyberjaya,2016-01-08,33.4,26,29,39,26,32.1,23.2,72.1,0,0,0,,0,0,27.7,12.3,5.1,1012,88.6,9.6,279,24.1,10,,2016-01-08T07:20:54,2016-01-08T19:18:31,0.99,Partially cloudy,Partly cloudy throughout the day.,partly-cloudy-day,"48647099999,48650099999,WMSA,WMKK"
cyberjaya,2016-01-09,33.8,25.6,28.8,38.6,25.6,31.9,23.5,74.1,0,0,0,,0,0,31.7,12.7,39.5,1011.6,88,9.3,268.2,23.1,9,,2016-01-09T07:21:18,2016-01-09T19:18:58,1,Partially cloudy,Partly cloudy throughout the day.,partly-cloudy-day,"48647099999,48650099999,WMSA,WMKK"
cyberjaya,2016-01-10,33.9,25,28.9,39.7,25,31.9,23.4,73.4,0,0,0,,0,0,,13.6,168,1011.8,88.4,9.7,244.1,21.1,9,,2016-01-10T07:21:41,2016-01-10T19:19:25,0,Partially cloudy,Partly cloudy throughout the day.,partly-cloudy-day,"48647099999,48650099999,WMSA,WMKK"
cyberjaya,2016-01-11,34.6,25,29.1,39.3,25,32.3,23.2,72,2.289,100,4.17,rain,0,0,27.7,13,324.8,1011.6,88.5,9.4,270.6,23.3,9,,2016-01-11T07:22:04,2016-01-11T19:19:51,0.01,"Rain, Partially cloudy",Partly cloudy throughout the day with late afternoon rain.,rain,"48647099999,48650099999,WMSA,WMKK"
cyberjaya,2016-01-12,33.4,25.6,28.4,39.9,25.6,31.2,23.7,76.7,2.67,100,4.17,rain,0,0,,15.6,244,1010.4,88.5,8.9,246,21.1,9,,2016-01-12T07:22:25,2016-01-12T19:20:17,0.04,"Rain, Partially cloudy",Partly cloudy throughout the day with late afternoon rain.,rain,"48647099999,48650099999,WMSA,WMKK"
cyberjaya,2016-01-13,34.6,25,29.1,40.4,25,32.4,23.8,74.7,0.076,100,4.17,rain,0,0,,14.3,140,1009.9,88.6,9.2,255,21.9,9,,2016-01-13T07:22:47,2016-01-13T19:20:42,0.07,"Rain, Partially cloudy",Partly cloudy throughout the day with late afternoon rain.,rain,"48647099999,48650099999,WMSA,WMKK"
cyberjaya,2016-01-14,33.6,25.6,28.4,39.4,25.6,31.4,23.8,76.8,3.509,100,12.5,rain,0,0,,13.4,350,1010,88.9,9.3,231.3,19.9,9,,2016-01-14T07:23:07,2016-01-14T19:21:07,0.12,"Rain, Partially cloudy",Partly cloudy throughout the day with rain.,rain,"48647099999,48650099999,WMSA,WMKK"
cyberjaya,2016-01-15,32.2,25,27,38.3,25,29,24.5,87.1,21.052,100,8.33,rain,0,0,,13,336.3,1009.5,89.7,8.5,183.9,15.9,7,,2016-01-15T07:23:27,2016-01-15T19:21:31,0.17,"Rain, Partially cloudy",Partly cloudy throughout the day with rain.,rain,"48647099999,48650099999,WMSA,WMKK"
cyberjaya,2016-01-16,32,25,27.5,39.2,25,30.2,24.7,85.5,4.815,100,8.33,rain,0,0,,10.7,293.9,1009.5,89,9.1,148.6,12.9,6,,2016-01-16T07:23:46,2016-01-16T19:21:55,0.22,"Rain, Partially cloudy",Partly cloudy throughout the day with rain.,rain,"48647099999,48650099999,WMSA,WMKK"
cyberjaya,2016-01-17,32.2,25,27.6,39.5,25,30.4,24.5,83.8,2.031,100,8.33,rain,0,0,,16.6,325.8,1009.8,89.2,9,209.8,18.3,7,,2016-01-17T07:24:04,2016-01-17T19:22:18,0.28,"Rain, Partially cloudy",Partly cloudy throughout the day with rain.,rain,"48647099999,48650099999,WMSA,WMKK"
cyberjaya,2016-01-18,33,25,27.7,40.1,25,30.3,24.5,83.8,7.798,100,12.5,rain,0,0,,14.3,237.9,1009.7,89,9,170.6,14.8,6,,2016-01-18T07:24:21,2016-01-18T19:22:40,0.34,"Rain, Partially cloudy",Partly cloudy throughout the day with rain.,rain,"48647099999,48650099999,WMSA,WMKK"
cyberjaya,2016-01-19,32,25.1,27.1,37.9,25.1,28.9,24.3,85.3,17.938,100,4.17,rain,0,0,42.5,17.6,239.1,1010.2,89,8.5,213.8,18.5,8,,2016-01-19T07:24:38,2016-01-19T19:23:02,0.39,"Rain, Partially cloudy",Partly cloudy throughout the day with late afternoon rain.,rain,"48647099999,48650099999,WMSA,WMKK"
cyberjaya,2016-01-20,34.8,24.4,28.7,38.5,24.4,31,23,73.9,0.124,100,4.17,rain,0,0,,13.4,116.7,1011,88.7,9.6,203.2,17.6,8,,2016-01-20T07:24:54,2016-01-20T19:23:23,0.43,"Rain, Partially cloudy",Partly cloudy throughout the day with afternoon rain.,rain,"48647099999,48650099999,WMSA,WMKK"
cyberjaya,2016-01-21,34.4,25.9,29,39.4,25.9,32,22.9,70.8,0,0,0,,0,0,,15.6,73,1011,89,10.1,255.4,22.1,9,,2016-01-21T07:25:09,2016-01-21T19:23:44,0.46,Partially cloudy,Partly cloudy throughout the day.,partly-cloudy-day,"48647099999,48650099999,WMSA,WMKK"
cyberjaya,2016-01-22,33.9,24,27.2,40,24,29.2,23.7,82.2,29.588,100,4.17,rain,0,0,,19.9,352.9,1011.4,89,8.8,178.9,15.5,6,,2016-01-22T07:25:23,2016-01-22T19:24:03,0.49,"Rain, Partially cloudy",Partly cloudy throughout the day with late afternoon rain.,rain,"48647099999,48650099999,WMSA,WMKK"
cyberjaya,2016-01-23,33.3,24.5,27.6,39.9,24.5,29.8,23.9,81.3,2.031,100,4.17,rain,0,0,,13.9,332.7,1012,89,9.1,158.2,13.7,6,,2016-01-23T07:25:37,2016-01-23T19:24:23,0.5,"Rain, Partially cloudy",Partly cloudy throughout the day with late afternoon rain.,rain,"48647099999,48650099999,WMSA,WMKK"
cyberjaya,2016-01-24,34.6,25,29.3,39.3,25,32,23,70.7,0.124,100,4.17,rain,0,0,31.7,19.2,45.8,1012.1,88.7,9.8,114.1,9.9,4,,2016-01-24T07:25:49,2016-01-24T19:24:41,0.5,"Rain, Partially cloudy",Partly cloudy throughout the day with afternoon rain.,rain,"48647099999,48650099999,WMSA,WMKK"
cyberjaya,2016-01-25,34.4,26.6,29.9,39.4,26.6,33,21.9,62.7,0,0,0,,0,0,42.5,25.9,62.6,1012.1,88,10.1,163.6,14.2,6,,2016-01-25T07:26:01,2016-01-25T19:24:59,0.52,Partially cloudy,Partly cloudy throughout the day.,partly-cloudy-day,"48647099999,48650099999,WMSA,WMKK"
cyberjaya,2016-01-26,33,27,29.4,38.1,29.2,32.8,22.5,67,0,0,0,,0,0,,21,63.6,1011.6,88.6,9.9,197.5,17,7,,2016-01-26T07:26:12,2016-01-26T19:25:16,0.53,Partially cloudy,Partly cloudy throughout the day.,partly-cloudy-day,"48647099999,48650099999,WMSA,WMKK"
cyberjaya,2016-01-27,33.3,24.9,29.3,39.6,24.9,33.1,23.3,70.8,0,0,0,,0,0,,16.1,71.2,1010.8,88.9,9.8,219.5,18.9,8,,2016-01-27T07:26:22,2016-01-27T19:25:32,0.56,Partially cloudy,Partly cloudy throughout the day.,partly-cloudy-day,"48647099999,48650099999,WMSA,WMKK"
cyberjaya,2016-01-28,34,25,28.6,40.3,25,31.9,24,77.2,5.722,100,4.17,rain,0,0,,19.4,66.1,1010.7,89.2,9.3,234.4,20.2,9,,2016-01-28T07:26:31,2016-01-28T19:25:48,0.6,"Rain, Partially cloudy",Partly cloudy throughout the day with late afternoon rain.,rain,"48647099999,48650099999,WMSA,WMKK"
cyberjaya,2016-01-29,32.6,24.8,27.2,39,24.8,29.4,24.1,84.3,24.839,100,12.5,rain,0,0,,13.6,340.8,1011.2,88.7,8.8,236.7,20.4,9,,2016-01-29T07:26:39,2016-01-29T19:26:02,0.63,"Rain, Partially cloudy",Partly cloudy throughout the day with rain.,rain,"48647099999,48650099999,WMSA,WMKK"
cyberjaya,2016-01-30,33.6,25,28.3,39.6,25,31.8,24.6,81.3,1.59,100,8.33,rain,0,0,,12.8,253.8,1010.5,88.9,9.6,256.8,22.1,9,,2016-01-30T07:26:47,2016-01-30T19:26:16,0.68,"Rain, Partially cloudy",Partly cloudy throughout the day with rain.,rain,"48647099999,48650099999,WMSA,WMKK"
cyberjaya,2016-01-31,32.4,26,28.7,39.7,26,32.9,24.7,79.4,1.237,100,4.17,rain,0,0,,14.8,289.7,1010.3,89,8.9,256.1,22.1,9,,2016-01-31T07:26:53,2016-01-31T19:26:30,0.72,"Rain, Partially cloudy",Partly cloudy throughout the day with late afternoon rain.,rain,"48647099999,48650099999,WMSA,WMKK"
cyberjaya,2016-02-01,33.4,25.6,28.3,39.3,25.6,31.1,23.8,77.3,3.815,100,8.33,rain,0,0,,13.4,15.7,1010.2,89,9.3,232.5,20.1,8,,2016-02-01T07:26:59,2016-02-01T19:26:42,0.77,"Rain, Partially cloudy",Partly cloudy throughout the day with rain.,rain,"48647099999,48650099999,WMSA,WMKK"
cyberjaya,2016-02-02,34.5,24.4,28.7,38.8,24.4,31.5,23.3,74.3,0,0,0,,0,0,,10.9,355,1010.2,89,9.2,283.4,24.4,10,,2016-02-02T07:27:04,2016-02-02T19:26:54,0.82,Partially cloudy,Partly cloudy throughout the day.,partly-cloudy-day,"48647099999,48650099999,WMSA,WMKK"
cyberjaya,2016-02-03,30,24.9,27.3,35.5,24.9,29.5,24,82.7,3.835,100,8.33,rain,0,0,,14.9,53.2,1010.6,89.2,9.3,249.3,21.5,9,,2016-02-03T07:27:08,2016-02-03T19:27:05,0.87,"Rain, Partially cloudy",Partly cloudy throughout the day with rain.,rain,"48647099999,48650099999,WMSA,WMKK"
cyberjaya,2016-02-04,31,24,26.6,36.2,24,28.5,23.8,85.9,7.288,100,8.33,rain,0,0,,10.5,357.2,1010.3,89.4,8.9,121.3,10.6,4,,2016-02-04T07:27:11,2016-02-04T19:27:15,0.91,"Rain, Partially cloudy",Partly cloudy throughout the day with rain.,rain,"48647099999,48650099999,WMSA,WMKK"
cyberjaya,2016-02-05,29,25.3,26.7,34.5,25.3,28.7,24.6,88.2,1.152,100,8.33,rain,0,0,,8,9.5,1009.4,89.7,8.5,117.7,10.1,4,,2016-02-05T07:27:13,2016-02-05T19:27:24,0.95,"Rain, Partially cloudy",Partly cloudy throughout the day with rain.,rain,"48647099999,48650099999,WMSA,WMKK"
cyberjaya,2016-02-06,32.9,24.4,27.3,39.4,24.4,29.7,24.2,84.3,5.216,100,12.5,rain,0,0,,18.9,42.4,1009.4,89.8,8.5,211.5,18.4,7,,2016-02-06T07:27:14,2016-02-06T19:27:33,0.98,"Rain, Partially cloudy",Partly cloudy throughout the day with rain.,rain,"48647099999,48650099999,WMSA,WMKK"
cyberjaya,2016-02-07,32,25,27.8,37.2,25,29.9,23,75.8,0.447,100,4.17,rain,0,0,,20.3,49.4,1010,89,9.7,192.7,16.6,7,,2016-02-07T07:27:14,2016-02-07T19:27:41,1,"Rain, Partially cloudy",Partly cloudy throughout the day with early morning rain.,rain,"48647099999,48650099999,WMSA,WMKK"
cyberjaya,2016-02-08,33,23.8,28.2,36.5,23.8,30,21.5,68,0,0,0,,0,0,,14.9,57.7,1010.6,88.9,9.9,238.9,20.6,9,,2016-02-08T07:27:14,2016-02-08T19:27:48,1,Partially cloudy,Partly cloudy throughout the day.,partly-cloudy-day,"48647099999,48650099999,WMSA,WMKK"
cyberjaya,2016-02-09,32.9,24.9,28.3,37.8,24.9,30.8,22.5,71.9,0,0,0,,0,0,,13.4,34.9,1010.8,88.9,9.4,240.6,20.8,8,,2016-02-09T07:27:13,2016-02-09T19:27:55,0.01,Partially cloudy,Partly cloudy throughout the day.,partly-cloudy-day,"48647099999,48650099999,WMSA,WMKK"
cyberjaya,2016-02-10,31.4,26,28.5,36,26,31.5,22.9,72,0,0,0,,0,0,,14.2,56.7,1010.5,89.2,9.6,162.5,14,6,,2016-02-10T07:27:10,2016-02-10T19:28:00,0.02,Partially cloudy,Partly cloudy throughout the day.,partly-cloudy-day,"48647099999,48650099999,WMSA,WMKK"
cyberjaya,2016-02-11,33.4,25.4,29.1,40.6,25.4,32.8,23.7,73.7,0,0,0,,0,0,,16.7,183.6,1009.8,89,9.9,204.4,17.8,7,,2016-02-11T07:27:07,2016-02-11T19:28:05,0.06,Partially cloudy,Partly cloudy throughout the day.,partly-cloudy-day,"48647099999,48650099999,WMSA,WMKK"
cyberjaya,2016-02-12,34.2,24.1,28.8,40.1,24.1,32.3,23.8,75.8,6.928,100,12.5,rain,0,0,,15.4,134.5,1009.9,88.9,9.7,189.1,16.2,7,,2016-02-12T07:27:04,2016-02-12T19:28:09,0.1,"Rain, Partially cloudy",Partly cloudy throughout the day with a chance of rain throughout the day.,rain,"48647099999,48650099999,WMSA,WMKK"
cyberjaya,2016-02-13,33,25.4,28.6,40.6,25.4,32.5,24.3,78.6,0,0,0,,0,0,,16.6,194.7,1009.9,89,9.9,182.6,15.8,7,,2016-02-13T07:26:59,2016-02-13T19:28:13,0.14,Partially cloudy,Partly cloudy throughout the day.,partly-cloudy-day,"48647099999,48650099999,WMSA,WMKK"
cyberjaya,2016-02-14,33.5,25,27.9,40.1,25,30.6,23.9,79.8,0.887,100,4.17,rain,0,0,,13.9,155.7,1010.4,89,9.7,209.4,17.9,8,,2016-02-14T07:26:53,2016-02-14T19:28:15,0.2,"Rain, Partially cloudy",Partly cloudy throughout the day with late afternoon rain.,rain,"48647099999,48650099999,WMSA,WMKK"
cyberjaya,2016-02-15,33.9,24.4,28,40,24.4,30.9,24,80.1,0.371,100,4.17,rain,0,0,,16.1,211.4,1011,88.9,9.6,241.1,21,9,,2016-02-15T07:26:47,2016-02-15T19:28:17,0.26,"Rain, Partially cloudy",Partly cloudy throughout the day with early morning rain.,rain,"48647099999,48650099999,WMSA,WMKK"
cyberjaya,2016-02-16,34.8,25.6,29.2,38.8,25.6,31.9,22.7,69.6,3.052,100,4.17,rain,0,0,,15.9,36.4,1012.2,87,9.5,272.4,23.5,10,,2016-02-16T07:26:40,2016-02-16T19:28:19,0.32,"Rain, Partially cloudy",Partly cloudy throughout the day with late afternoon rain.,rain,"48647099999,48650099999,WMSA,WMKK"
cyberjaya,2016-02-17,34,25.6,29,36.7,25.6,30.5,20,59.2,0,0,0,,0,0,,18.9,53.6,1012.4,88.3,9.9,302.7,26.3,10,,2016-02-17T07:26:32,2016-02-17T19:28:19,0.37,Partially cloudy,Partly cloudy throughout the day.,partly-cloudy-day,"48647099999,48650099999,WMSA,WMKK"
cyberjaya,2016-02-18,33,24.4,27.4,37.3,24.4,28.8,22,73.5,0.629,100,4.17,rain,0,0,,12,60.6,1012,88.8,9.3,273.6,23.7,10,,2016-02-18T07:26:24,2016-02-18T19:28:19,0.41,"Rain, Partially cloudy",Partly cloudy throughout the day with late afternoon rain.,rain,"48647099999,48650099999,WMSA,WMKK"
cyberjaya,2016-02-19,32.6,24.8,26.9,37.6,24.8,28.1,23.3,81.8,22.962,100,4.17,rain,0,0,,14.2,52.1,1012.3,88.9,9.1,237.4,20.6,7,,2016-02-19T07:26:15,2016-02-19T19:28:18,0.45,"Rain, Partially cloudy",Partly cloudy throughout the day with late afternoon rain.,rain,"48647099999,48650099999,WMSA,WMKK"
cyberjaya,2016-02-20,30.8,24.9,27.1,36.9,24.9,29.1,24,83.8,1.516,100,8.33,rain,0,0,,11.8,268.2,1012.9,89,8.8,262.8,22.7,8,,2016-02-20T07:26:05,2016-02-20T19:28:17,0.47,"Rain, Partially cloudy",Partly cloudy throughout the day with rain.,rain,"48647099999,48650099999,WMSA,WMKK"
cyberjaya,2016-02-21,34.4,24.2,28.5,36.2,24.2,29.5,20.7,65.2,0,0,0,,0,0,,17.8,58,1012.7,88.4,9.4,292.6,25.3,10,,2016-02-21T07:25:54,2016-02-21T19:28:15,0.49,Partially cloudy,Partly cloudy throughout the day.,partly-cloudy-day,"48647099999,48650099999,WMSA,WMKK"
cyberjaya,2016-02-22,33.3,24,28.3,37.1,24,30.3,22.1,70.7,0,0,0,,0,0,,13,9.1,1013.4,89,9.4,317.9,27.6,10,,2016-02-22T07:25:43,2016-02-22T19:28:12,0.5,Partially cloudy,Partly cloudy throughout the day.,partly-cloudy-day,"48647099999,48650099999,WMSA,WMKK"
cyberjaya,2016-02-23,33.9,25,28.3,41,25,30.3,23,74.4,8.638,100,8.33,rain,0,0,,17.2,334.6,1012.4,88.8,8.8,298.3,25.8,10,,2016-02-23T07:25:31,2016-02-23T19:28:09,0.5,"Rain, Partially cloudy",Partly cloudy throughout the day with rain.,rain,"48647099999,48650099999,WMSA,WMKK"
cyberjaya,2016-02-24,34,25,28.1,37.5,25,30.2,23.6,78.5,9.66,100,4.17,rain,0,0,,11.4,17.9,1012,89,8.9,262.9,22.7,9,,2016-02-24T07:25:18,2016-02-24T19:28:05,0.52,"Rain, Partially cloudy",Partly cloudy throughout the day with late afternoon rain.,rain,"48647099999,48650099999,WMSA,WMKK"
cyberjaya,2016-02-25,33.8,25.6,29,36.6,25.6,30.9,21.6,65.6,0.076,100,4.17,rain,0,0,31.7,19.2,60.8,1012.5,88.5,9.9,243.4,21.1,8,,2016-02-25T07:25:05,2016-02-25T19:28:01,0.53,"Rain, Partially cloudy",Partly cloudy throughout the day with afternoon rain.,rain,"48647099999,48650099999,WMSA,WMKK"
cyberjaya,2016-02-26,34,25,28.9,36.5,25,30.9,20.9,62.9,0,0,0,,0,0,,17.6,50.9,1012.7,88.2,10.2,298.5,25.9,10,,2016-02-26T07:24:51,2016-02-26T19:27:56,0.56,Partially cloudy,Partly cloudy throughout the day.,partly-cloudy-day,"48647099999,48650099999,WMSA,WMKK"
cyberjaya,2016-02-27,34,24.6,28.8,38.2,24.6,31.5,22.2,68.6,0,0,0,,0,0,,18.5,46.4,1012.9,88.6,10,278.2,24,10,,2016-02-27T07:24:36,2016-02-27T19:27:50,0.6,Partially cloudy,Partly cloudy throughout the day.,partly-cloudy-day,"48647099999,48650099999,WMSA,WMKK"
cyberjaya,2016-02-28,34,25,28.5,40.3,25,31.2,23.3,74.5,7.499,100,4.17,rain,0,0,,15.6,39.2,1013.4,89,9.4,259.1,22.2,9,,2016-02-28T07:24:21,2016-02-28T19:27:44,0.64,"Rain, Partially cloudy",Partly cloudy throughout the day with late afternoon rain.,rain,"48647099999,48650099999,WMSA,WMKK"
cyberjaya,2016-02-29,33.8,25.2,28.8,39.1,25.2,31.8,23.4,73.9,8.509,100,8.33,rain,0,0,,11.2,57.3,1013.1,88.9,10,277.1,23.8,10,,2016-02-29T07:24:05,2016-02-29T19:27:37,0.68,"Rain, Partially cloudy",Partly cloudy throughout the day with rain.,rain,"48647099999,48650099999,WMSA,WMKK"
cyberjaya,2016-03-01,33.4,26,28.8,37.7,26,32,23.2,72.8,0.763,100,4.17,rain,0,0,,14.9,45.4,1012.1,86.9,9.9,294.3,25.4,10,,2016-03-01T07:23:49,2016-03-01T19:27:30,0.73,"Rain, Partially cloudy",Partly cloudy throughout the day with late afternoon rain.,rain,"48647099999,48650099999,WMSA,remote,WMKK"
cyberjaya,2016-03-02,35,25.6,29.3,40.3,25.6,32.1,22.6,69,0.076,100,4.17,rain,0,0,,17,49.6,1012.1,88.6,10.2,303.1,26.2,10,,2016-03-02T07:23:32,2016-03-02T19:27:23,0.78,"Rain, Partially cloudy",Partly cloudy throughout the day with late afternoon rain.,rain,"48647099999,48650099999,WMSA,WMKK"
cyberjaya,2016-03-03,34.6,25.6,29.5,38.3,25.6,32.3,22,65.6,0,0,0,,0,0,,17.4,45.9,1012.3,88.5,10.1,302.7,26.1,10,,2016-03-03T07:23:15,2016-03-03T19:27:15,0.83,Partially cloudy,Partly cloudy throughout the day.,partly-cloudy-day,"48647099999,48650099999,WMSA,WMKK"
cyberjaya,2016-03-04,34,26,29,41.1,26,32.3,23.1,71.4,3.433,100,4.17,rain,0,0,,15,7.4,1011.1,89,9.4,289.2,25,10,,2016-03-04T07:22:57,2016-03-04T19:27:06,0.88,"Rain, Partially cloudy",Partly cloudy throughout the day with late afternoon rain.,rain,"48647099999,48650099999,WMSA,WMKK"
cyberjaya,2016-03-05,34.1,26.1,28.7,40.1,26.1,32.2,23.7,75.2,8.856,100,4.17,rain,0,0,,14.8,24,1010.4,89.2,9.8,303,26.3,10,,2016-03-05T07:22:39,2016-03-05T19:26:57,0.92,"Rain, Partially cloudy",Partly cloudy throughout the day with late afternoon rain.,rain,"48647099999,48650099999,WMSA,WMKK"
cyberjaya,2016-03-06,34.5,25.4,29,40.1,25.4,32.6,23.9,75.5,0,0,0,,0,0,,14.2,223.7,1010.5,88.8,9.8,261.8,22.5,10,,2016-03-06T07:22:21,2016-03-06T19:26:48,0.96,Partially cloudy,Partly cloudy throughout the day.,partly-cloudy-day,"48647099999,48650099999,WMSA,WMKK"
cyberjaya,2016-03-07,34.2,26,29.5,42.5,26,34.1,24.6,76.2,0.076,100,4.17,rain,0,0,,13,145.9,1010,88.9,9.4,269.9,23.3,10,,2016-03-07T07:22:02,2016-03-07T19:26:38,0.99,"Rain, Partially cloudy",Partly cloudy throughout the day with late afternoon rain.,rain,"48647099999,48650099999,WMSA,WMKK"
cyberjaya,2016-03-08,33.4,25.8,29.5,40.6,25.8,33.7,24.2,74.2,0.076,100,4.17,rain,0,0,,15.6,277.5,1009.4,88.9,9.5,283.1,24.5,10,,2016-03-08T07:21:42,2016-03-08T19:26:28,1,"Rain, Partially cloudy",Partly cloudy throughout the day with late afternoon rain.,rain,"48647099999,48650099999,WMSA,WMKK"
cyberjaya,2016-03-09,34.2,24.8,29.4,41,24.8,33.3,24,73.7,0.076,100,4.17,rain,0,0,,14.3,245.2,1009.5,89,9.6,296.2,25.8,10,,2016-03-09T07:21:22,2016-03-09T19:26:18,0,"Rain, Partially cloudy",Partly cloudy throughout the day with afternoon rain.,rain,"48647099999,48650099999,WMSA,WMKK"
cyberjaya,2016-03-10,33.4,26,28.6,40.4,26,32.8,24.6,79.6,12.196,100,4.17,rain,0,0,,12.7,307.2,1011,88.9,8.4,287,24.7,10,,2016-03-10T07:21:02,2016-03-10T19:26:07,0.02,"Rain, Partially cloudy",Partly cloudy throughout the day with late afternoon rain.,rain,"48647099999,48650099999,WMSA,WMKK"
cyberjaya,2016-03-11,34,26.8,29.5,43.5,30,35.2,25.2,78.7,3.093,100,4.17,rain,0,0,,14.3,224.9,1010.6,89,9,257.8,22.2,9,,2016-03-11T07:20:42,2016-03-11T19:25:56,0.04,"Rain, Partially cloudy",Partly cloudy throughout the day with late afternoon rain.,rain,"48647099999,48650099999,WMSA,WMKK"
cyberjaya,2016-03-12,34,25.6,28.9,40.1,25.6,32,23.8,75.1,18.31,100,8.33,rain,0,0,,15.4,100,1010.8,89,8.8,316.3,27.4,10,,2016-03-12T07:20:21,2016-03-12T19:25:45,0.08,"Rain, Partially cloudy",Partly cloudy throughout the day with rain.,rain,"48647099999,48650099999,WMSA,WMKK"
cyberjaya,2016-03-13,34.4,25.6,29,41.4,25.6,32.3,24,75.8,2.746,100,8.33,rain,0,0,,17.2,355,1011.3,88.9,8.4,257.2,22.2,9,,2016-03-13T07:20:00,2016-03-13T19:25:33,0.13,"Rain, Partially cloudy",Partly cloudy throughout the day with rain.,rain,"48647099999,48650099999,WMSA,WMKK"
cyberjaya,2016-03-14,33.6,26,28.2,42.4,26,32.3,24.9,82.6,6.107,100,8.33,rain,0,0,37.1,14.9,38.6,1011.3,88.8,7.6,209.7,18.2,8,,2016-03-14T07:19:38,2016-03-14T19:25:21,0.18,"Rain, Partially cloudy",Partly cloudy throughout the day with rain.,rain,"48647099999,48650099999,WMSA,WMKK"
cyberjaya,2016-03-15,32.4,25.6,27.9,40.3,25.6,31.3,25,84.7,35.381,100,8.33,rain,0,0,37.1,14.3,340,1010.7,89,8.5,254.8,21.8,9,,2016-03-15T07:19:17,2016-03-15T19:25:09,0.24,"Rain, Partially cloudy",Partly cloudy throughout the day with rain.,rain,"48647099999,48650099999,WMSA,WMKK"
cyberjaya,2016-03-16,32,25,28.3,38.7,25,32.1,24.7,81.6,0,0,0,,0,0,,12.3,188.6,1010.7,88.9,8.4,261.3,22.6,10,,2016-03-16T07:18:55,2016-03-16T19:24:57,0.29,Partially cloudy,Partly cloudy throughout the day.,partly-cloudy-day,"48647099999,48650099999,WMSA,WMKK"
cyberjaya,2016-03-17,33.4,25.4,29.1,40.6,25.4,33.6,24.7,78.3,0,0,0,,0,0,,15.4,271.4,1010.3,88.9,8.4,285.7,24.5,10,,2016-03-17T07:18:33,2016-03-17T19:24:45,0.34,Partially cloudy,Partly cloudy throughout the day.,partly-cloudy-day,"48647099999,48650099999,WMSA,WMKK"
cyberjaya,2016-03-18,33.4,26.4,29.4,40.6,26.4,34.1,24.7,77,0,0,0,,0,0,,16.1,178.8,1009.9,89,8.9,290.8,25.2,10,,2016-03-18T07:18:10,2016-03-18T19:24:32,0.39,Partially cloudy,Partly cloudy throughout the day.,partly-cloudy-day,"48647099999,48650099999,WMSA,WMKK"
cyberjaya,2016-03-19,33.8,25.9,29.6,41.9,25.9,34.5,24.8,76.3,0,0,0,,0,0,,15.4,265,1009.1,88.9,8.2,294.3,25.5,10,,2016-03-19T07:17:48,2016-03-19T19:24:19,0.43,Partially cloudy,Partly cloudy throughout the day.,partly-cloudy-day,"48647099999,48650099999,WMSA,WMKK"
cyberjaya,2016-03-20,33,27.3,29.4,41.5,30.8,34.9,24.9,77.6,0,0,0,,0,0,,15.4,352.5,1010.1,89,7.7,291.8,25.2,10,,2016-03-20T07:17:25,2016-03-20T19:24:06,0.46,Partially cloudy,Partly cloudy throughout the day.,partly-cloudy-day,"48647099999,48650099999,WMSA,WMKK"
cyberjaya,2016-03-21,33.4,26.4,29.7,42.2,26.4,34.6,25,77.2,0,0,0,,0,0,,15,288.2,1009.1,89,7.1,69.8,5.8,2,,2016-03-21T07:17:03,2016-03-21T19:23:53,0.48,Partially cloudy,Partly cloudy throughout the day.,partly-cloudy-day,"48647099999,48650099999,WMSA,WMKK"
cyberjaya,2016-03-22,30.1,26.6,28,37,26.6,32.5,25,84.1,11.382,100,8.33,rain,0,0,,14.7,277.9,1009.8,90.3,8.5,202.6,17.4,8,,2016-03-22T07:16:40,2016-03-22T19:23:40,0.5,"Rain, Overcast",Cloudy skies throughout the day with rain.,rain,"48647099999,48650099999,WMSA,WMKK"
cyberjaya,2016-03-23,34,25.4,29.4,41.8,25.4,34,24.9,78.1,0,0,0,,0,0,,15,312.1,1010.5,88.5,8.4,247.6,21.3,9,,2016-03-23T07:16:17,2016-03-23T19:23:27,0.5,Partially cloudy,Partly cloudy throughout the day.,partly-cloudy-day,"48647099999,48650099999,WMSA,WMKK"
cyberjaya,2016-03-24,34,26,29.6,42.7,26,35,25.2,78.4,0.305,100,4.17,rain,0,0,,17.7,288.7,1010.9,89,8.4,155.4,13.3,6,,2016-03-24T07:15:54,2016-03-24T19:23:14,0.51,"Rain, Partially cloudy",Partly cloudy throughout the day with late afternoon rain.,rain,"48647099999,48650099999,WMSA,WMKK"
cyberjaya,2016-03-25,33.8,25.3,29.1,41,25.3,33.6,24.6,77.7,0.447,100,8.33,rain,0,0,,13.9,138.9,1012.5,89,8.7,181.7,15.7,7,,2016-03-25T07:15:31,2016-03-25T19:23:01,0.52,"Rain, Partially cloudy",Partly cloudy throughout the day with rain.,rain,"48647099999,48650099999,WMSA,WMKK"
cyberjaya,2016-03-26,35,26.4,30.3,38.3,26.4,33.3,22.1,63.6,0,0,0,,0,0,,24.3,77,1012.5,89,9.8,261.2,22.5,10,,2016-03-26T07:15:08,2016-03-26T19:22:47,0.54,Partially cloudy,Partly cloudy throughout the day.,partly-cloudy-day,"48647099999,48650099999,WMSA,WMKK"
cyberjaya,2016-03-27,35.4,26.6,30.3,41.9,26.6,33.9,22.4,64.1,0,0,0,,0,0,,17,56.9,1012.3,88.7,9.8,274.7,23.7,9,,2016-03-27T07:14:45,2016-03-27T19:22:34,0.57,Partially cloudy,Partly cloudy throughout the day.,partly-cloudy-day,"48647099999,48650099999,WMSA,WMKK"
cyberjaya,2016-03-28,33,26.2,28.8,37.7,26.2,31.6,22.1,67.2,0,0,0,,0,0,,24.6,50.4,1012.9,88.6,9.9,275.8,23.8,10,,2016-03-28T07:14:22,2016-03-28T19:22:21,0.61,Partially cloudy,Partly cloudy throughout the day.,partly-cloudy-day,"48647099999,48650099999,WMSA,WMKK"
cyberjaya,2016-03-29,35.4,25.2,29.5,38,25.2,32.1,22,65.8,0,0,0,,0,0,,17.4,71.2,1012.6,88.1,9.4,305.7,26.5,10,,2016-03-29T07:13:59,2016-03-29T19:22:08,0.65,Partially cloudy,Partly cloudy throughout the day.,partly-cloudy-day,"48647099999,48650099999,WMSA,WMKK"
cyberjaya,2016-03-30,36,25.4,30,39.4,25.4,33.2,22.5,66,0,0,0,,0,0,,14.8,57,1012.2,88.1,9.6,307,26.7,10,,2016-03-30T07:13:37,2016-03-30T19:21:55,0.7,Partially cloudy,Partly cloudy throughout the day.,partly-cloudy-day,"48647099999,48650099999,WMSA,WMKK"
cyberjaya,2016-03-31,34.5,25.4,29.4,39,25.4,32.7,23.1,70.5,5.34,100,4.17,rain,0,0,,17.6,301.9,1011,88.6,8.8,296.8,25.8,10,,2016-03-31T07:13:14,2016-03-31T19:21:42,0.75,"Rain, Partially cloudy",Partly cloudy throughout the day with late afternoon rain.,rain,"48647099999,48650099999,WMSA,WMKK"
